Cities,City name,Views,Watch time (hours),Average view duration
Total,,5035094,634069.089,0:08:24
0x89ace471120f66f1:0xe17ada898a46f27e,"Durham, NC, USA",37171,13686.3893,0:22:05
0x89ac5a2f9f51e0f7:0x6790b6528a11f0ad,"Raleigh, NC, USA",11353,3819.9639,0:20:11
0x357ca28b61c565cd:0x858aedb4e4ea83eb,"Seoul, South Korea",4073,638.765,0:09:24
0x89c24fa5d33f083b:0xc80b8f06e177fe62,"New York, NY, USA",4027,1066.4331,0:15:53
0x8637895fa4158787:0x88db1616dcfba3ee,"Nacogdoches, TX, USA",3285,137.2369,0:02:30
0x88541fc4fc381a81:0x884650e6bf43d164,"Charlotte, NC, USA",2894,735.9869,0:15:15
0x88f5045d6993098d:0x66fede2f990b630b,"Atlanta, GA, USA",2008,514.1124,0:15:21
0x3403fefda2ea2807:0x486db43574f494da,Hong Kong,1588,305.4959,0:11:32
0x80c2c75ddc27da13:0xe22fdf6f254608f4,"Los Angeles, CA, USA",1504,378.433,0:15:05
0x89acc31c216e7ea7:0x7f03bae00443e4cb,"Chapel Hill, NC, USA",1433,680.7033,0:28:30
0x880e2c3cd0f4cbed:0xafe0a6ad09c0c000,"Chicago, IL, USA",1340,376.0547,0:16:50
0x864c19f77b45974b:0xb9ec9ba4f647678f,"Dallas, TX, USA",1258,229.1876,0:10:55
0x89d4cb90d7c63ba5:0x323555502ab4c477,"Toronto, ON, Canada",1070,252.3401,0:14:08
0x89e308597f9a4cf5:0x28f59c5c00d57256,"Andover, MA, USA",959,36.4169,0:02:16
0x6b129838f39a743f:0x3017d681632a850,"Sydney NSW, Australia",848,213.6095,0:15:06
0x3bae1670c9b44e6d:0xf8dfc3e8517e4fe0,"Bengaluru, Karnataka, India",827,150.4288,0:10:54
0x8640b8b4488d8501:0xca0d02def365053b,"Houston, TX, USA",816,198.8602,0:14:37
0x89acbd54ff4a8b43:0x44568fdb5a444be1,"Cary, NC, USA",806,352.4418,0:26:14
0x47d8a00baf21de75:0x52963a5addd52a99,"London, UK",772,190.5288,0:14:48
0x5490102c93e83355:0x102565466944d59a,"Seattle, WA, USA",770,217.6536,0:16:57
0x31da1767b42b8ec9:0x400f7acaedaa420,Singapore,769,120.2154,0:09:22
0x89c6b7d8d4b54beb:0x89f514d88c3e58c1,"Philadelphia, PA, USA",726,198.2649,0:16:23
0x103b8b2ae68280c1:0xdc9e87a367c3d9cb,"Lagos, Nigeria",695,115.4141,0:09:57
0x35796f2596138247:0x7d37fd902cb76142,"Incheon, South Korea",688,75.2134,0:06:33
0x85ce0026db097507:0x54061076265ee841,"Mexico City, CDMX, Mexico",581,166.4784,0:17:11
0x6ad646b5d2ba4df7:0x4045675218ccd90,"Melbourne VIC, Australia",558,174.2849,0:18:44
0x884057a89a9a35ef:0xbd5cb1c4195f3d13,"Mason, OH, USA",551,20.0497,0:02:10
0x80d9530fad921e4b:0xd3a21fdfd15df79,"San Diego, CA, USA",527,167.4683,0:19:03
0x8840f42748704e49:0xa5e86d3394223b94,"Lebanon, OH , USA",518,19.8535,0:02:17
0x89ac9265aefc41d7:0xe1bf2f033fa3ab3e,"Morrisville, NC, USA",437,144.0956,0:19:47
0x89b7c6de5af6e45b:0xc2524522d4885d2a,"Washington, DC, USA",434,138.7058,0:19:10
0x9662c5410425af2f:0x8475d53c400f0931,"Santiago, Santiago Metropolitan Region, Chile",428,131.6617,0:18:27
0x311d6032280d61f3:0x10100b25de24820,"Bangkok, Thailand",425,65.9468,0:09:18
0xd422997800a3c81:0xc436dec1618c2269,"Madrid, Spain",420,103.0185,0:14:43
0x8864ec3213eb903d:0x7d3fb9d0a1e9daa0,"Nashville, TN, USA",414,91.1965,0:13:13
0x80859a6d00690021:0x4a501367f076adff,"San Francisco, CA, USA",412,98.8133,0:14:23
0x94ce448183a461d1:0x9ba94b08ff335bae,"São Paulo, State of São Paulo, Brazil",406,77.2072,0:11:24
0x8638373d19aab3b1:0x494379f4c112bf49,"Lufkin, TX, USA",404,11.2339,0:01:40
0x2e69f3e945e34b9d:0x5371bf0fdad786a2,"Jakarta, Indonesia",399,77.6085,0:11:40
0x89e3652d0d3d311b:0x787cbf240162e8a0,"Boston, MA, USA",394,104.839,0:15:57
0x1dcc500f8826eed7:0x687fe1fc2828aa87,"Cape Town, South Africa",392,91.4345,0:13:59
0x39f882db4908f667:0x43e330e68f6c2cbc,"Kolkata, West Bengal, India",391,66.4221,0:10:11
0x4786c1493f1275e7:0x3cffcd13c6740e8d,"Milan, Metropolitan City of Milan, Italy",376,61.5372,0:09:49
0x4cc91a541c64b70d:0x654e3138211fefef,"Montreal, QC, Canada",370,92.1807,0:14:56
0x876b80aa231f17cf:0x118ef4f8278a36d6,"Denver, CO, USA",360,94.8033,0:15:48
0x3568eb6de823cd35:0x35d8cb74247108a7,"Busan, South Korea",353,59.9642,0:10:11
0x60185becbbb66509:0x69683f660285400,"Yokohama, Kanagawa, Japan",350,80.8397,0:13:51
0x47e66e1f06e2b70f:0x40b82c3688c9460,"Paris, France",344,44.2312,0:07:42
0x89c803aed6f483b7:0x44896a84223e758,"Baltimore, MD, USA",344,88.6937,0:15:28
0x4741c334d1d4cfc9:0x400c4290c1e1160,"Budapest, Hungary",342,73.308,0:12:51
0x488815562056ceeb:0x71e683b805ef511e,"Glasgow, UK",341,5.546,0:00:58
0x89b615f166fcc957:0x9da316eb11e3d5b,"Ashburn, VA, USA",338,101.4859,0:18:00
0x872b12ed50a179cb:0x8c69c7f8354a1bac,"Phoenix, AZ, USA",332,88.4318,0:15:58
0x808fcae48af93ff5:0xb99d8c0aca9f717b,"San Jose, CA, USA",326,78.6203,0:14:28
0x87c0f75eafe99997:0x558525e66aaa51a2,"Kansas City, MO, USA",313,45.4509,0:08:42
0x8853193f38c77b79:0x93b9c49478be12c8,"Greensboro, NC, USA",303,65.5225,0:12:58
0x537170039f843fd5:0x266d3bb1b652b63a,"Calgary, AB, Canada",300,80.3433,0:16:04
0x87c0dff6a8b596fd:0x8d2c2e9a007b187,"Lee's Summit, MO, USA",295,10.6915,0:02:10
0xfdf9084b2b7a773:0xbed14ed8650e2dd3,"Accra, Ghana",286,98.7378,0:20:42
0x182f1172d84d49a7:0xf7cf0254b297924c,"Nairobi, Kenya",283,65.1878,0:13:49
0x88405c1aa9731fe9:0xda2c99fae613ba40,"Monroe, OH, USA",280,10.3022,0:02:12
0x52b333909377bbbd:0x939fc9842f7aee07,"Minneapolis, MN, USA",278,55.3684,0:11:57
0x3bc2bf2e67461101:0x828d43bf9d9ee343,"Pune, Maharashtra, India",276,44.5013,0:09:40
0x548673f143a94fb3:0xbb9196ea9b81f38b,"Vancouver, BC, Canada",275,69.1239,0:15:04
0x89b64047261665e5:0x63dfafe8a871ae9f,"Reston, VA, USA",274,67.0165,0:14:40
0x8644b599a0cc032f:0x5d9b464bd469d57a,"Austin, TX, USA",273,80.793,0:17:45
0x12a49816718e30e5:0x44b0fb3d4f47660a,"Barcelona, Spain",265,77.5891,0:17:34
0x80c8c45e5468d0ed:0xf98463eab8414b62,"Las Vegas, NV, USA",262,51.9846,0:11:54
0x54950b0b7da97427:0x1c36b9e6f6d18591,"Portland, OR, USA",258,80.2299,0:18:39
0x4cce05b25f5113af:0x8a6a51e131dd15ed,"Ottawa, ON, Canada",254,70.3047,0:16:36
0x88d9b0a20ec8c111:0xff96f271ddad4f65,"Miami, FL, USA",253,58.9357,0:13:58
0x87523d9488d131ed:0x5b53b7a0484d31ca,"Salt Lake City, UT, USA",248,80.4401,0:19:27
0x883889c1b990de71:0xe43266f8cfb1b533,"Columbus, OH, USA",246,58.7417,0:14:19
0x6000e6553406e2e1:0xc55bc16ee46a2fe7,"Osaka, Japan",244,37.8407,0:09:18
0x8853a19b82d6b277:0x50325f54b43f8245,"Winston-Salem, NC, USA",238,60.0872,0:15:08
0x6b91579aac93d233:0x402a35af3deaf40,"Brisbane QLD, Australia",235,54.95,0:14:01
0x3bcb99daeaebd2c7:0xae93b78392bafbc2,"Hyderabad, Telangana, India",234,40.0755,0:10:16
0x3be7c6306644edc1:0x5da4ed8f8d648c69,"Mumbai, Maharashtra, India",233,49.8624,0:12:50
0x6d0d47fb5a9ce6fb:0x500ef6143a29917,"Auckland, New Zealand",228,54.2261,0:14:16
0x357b523d6ace33f5:0x9d3235701951b5fb,"Yongin-si, Gyeonggi-do, South Korea",227,27.0559,0:07:09
0x8824ca0110cb1d75:0x5776864e35b9c4d2,"Detroit, MI, USA",206,63.989,0:18:38
0x88e773d8fecdbc77:0xac3b2063ca5bf9e,"Orlando, FL, USA",206,52.04,0:15:09
0x3a5265ea4f7d3361:0x6e61a70b6863d433,"Chennai, Tamil Nadu, India",202,41.9769,0:12:28
0x8e3f9bfd2da6cb29:0x239d635520a33914,"Bogotá, Bogota, Colombia",193,54.875,0:17:03
0x89bac1e8fc1527a7:0x4161080a32e0173,"Virginia Beach, VA, USA",192,45.3963,0:14:11
0x357ca7f1701220bf:0x50315666bce397d4,"Seongnam-si, Gyeonggi-do, South Korea",191,41.5268,0:13:02
0x886b50ffa7796a03:0xd68e9df640b9ea7c,"Indianapolis, IN, USA",179,53.7717,0:18:01
0x357c908309d05a09:0xd0a0d71a3c16ef7f,"Goyang-si, Gyeonggi-do, South Korea",178,31.5789,0:10:38
0x809ac672b28397f9:0x921f6aaa74197fdb,"Sacramento, CA, USA",178,37.7348,0:12:43
0x53a0224580deff23:0x411fa00c4af6155d,"Edmonton, AB, Canada",176,58.0104,0:19:46
0x88e5b716f1ceafeb:0xc4cd7d3896fcc7e2,"Jacksonville, FL, USA",175,59.8491,0:20:31
0x3565e3b8b2efadd5:0xba92e029a0382e30,"Daegu, South Korea",166,38.8233,0:14:01
0x47a84e373f035901:0x42120465b5e3b70,"Berlin, Germany",163,49.2758,0:18:08
0x865c58af04d00eaf:0x856e13b10a016bc,"San Antonio, TX, USA",162,38.4743,0:14:14
0x3571892301f5a7af:0x5f4d2ed0125f548,"Gwangju, South Korea",158,10.1585,0:03:51
0x88690b1ab35bd511:0xd4d3b4282071fd32,"Louisville, KY, USA",157,55.3749,0:21:09
0x3b080d514abec6bf:0xbd582caa5844192,"Kochi, Kerala, India",155,15.9784,0:06:11
0x87ad8a547ef8d281:0x33a21274d14f3a9d,"Oklahoma City, OK, USA",155,41.4621,0:16:02
0x86e1d6eb8f489f21:0xfe8975402052ab66,"Ruidoso, NM, USA",149,2.7047,0:01:05
0x52ea73fbf91a2b11:0x2b2a1afac6b9ca64,"Winnipeg, MB, Canada",147,25.9351,0:10:35
0x356548d7ba4a6601:0xd196d69d988ad3b5,"Daejeon, South Korea",137,35.6067,0:15:35
0x2a32966cdb47733d:0x304f0b535df55d0,"Perth WA, Australia",129,35.7312,0:16:37
0x6b164ca3b20b34bb:0x400ea6ea7695970,"Canberra ACT, Australia",125,1.6819,0:00:48
0x89ac92a3c19280d1:0x85cd817e17e28015,"Apex, NC, USA",123,25.3218,0:12:21
0x357b430a20764611:0xf1373002ee5db4c9,"Suwon-si, Gyeonggi-do, South Korea",122,21.1111,0:10:22
0x89b16dfbea3f54d7:0x5cec328167c4a439,"Midlothian, VA, USA",121,17.0758,0:08:28
0x3e5f43496ad9c645:0xbde66e5084295162,Dubai - United Arab Emirates,120,21.7676,0:10:53
0x864e6e122dc807ad:0xa4af8bf8dd69acbd,"Fort Worth, TX, USA",119,32.8317,0:16:33
0x8840f7096f17403f:0xc5205044c19402a3,"South Lebanon, OH, USA",119,23.4994,0:11:50
0x8edb3f9784ded2a1:0x24f321bfabb7af40,"Kingston, Jamaica",118,33.3222,0:16:56
0x80dcdd0e689140e3:0xa77ab575604a9a39,"Irvine, CA, USA",116,20.9069,0:10:48
0x132f6196f9928ebb:0xb90f770693656e38,"Rome, Metropolitan City of Rome Capital, Italy",115,29.5265,0:15:24
0x885e9e2269c7638d:0xa6914a2ecd5161e0,"Maryville, TN, USA",115,9.6919,0:05:03
0x177dbc0f9d74b39b:0x4538903dd96b6fec,"Kampala, Uganda",113,17.2408,0:09:09
0x87220addd309837b:0xc0d3f8ceb8d9f6fd,"Albuquerque, NM, USA",109,26.7514,0:14:43
0x8805a626948e9757:0xab2da13461989c95,"Waukesha, WI, USA",106,6.5583,0:03:42
0x399bfd991f32b16b:0x93ccba8909978be7,"Lucknow, Uttar Pradesh, India",102,7.9462,0:04:40
0x9bde559108a05b:0x50dc426c672fd24e,"Rio de Janeiro, State of Rio de Janeiro, Brazil",100,20.8874,0:12:31
0x89ac518806853099:0x1600b0ce662398f0,"Wake Forest, NC, USA",98,23.5973,0:14:26
0x88c2b782b3b9d1e1:0xa75f1389af96b463,"Tampa, FL, USA",97,17.0982,0:10:34
0x9105c5f619ee3ec7:0x14206cb9cc452e4a,"Lima, Peru",93,18.8373,0:12:09
0x3e2f03890d489399:0xba974d1c98e79fd5,Riyadh Saudi Arabia,91,16.4752,0:10:51
0x87938dc8b50cfced:0x46424d4fae37b604,"Omaha, NE, USA",91,23.4364,0:15:27
0x882b469fe76b05b7:0x3146cbed75966db,"Mississauga, ON, Canada",90,16.4184,0:10:56
0x89acb8405d634973:0x832d4e12c2dfebb0,"Fearrington, NC , USA",89,44.8387,0:30:13
0x4652533c5c803d23:0x4dd7edde69467b8,"Copenhagen, Denmark",88,13.497,0:09:12
0x5f0ad4755a973633:0x33937e9d4687bad5,"Sapporo, Hokkaido, Japan",88,17.8077,0:12:08
0x357b62ae068837ef:0x81da578d2f62ac6a,"Bucheon-si, Gyeonggi-do, South Korea",87,19.6548,0:13:33
0x487af0a904faff73:0xd5a7f22ab0686e1d,"Winsford CW, UK",84,10.2044,0:07:17
0x6018f38bdd6d8d61:0x4ebc10d2858da879,"Setagaya City, Tokyo, Japan",84,24.0314,0:17:09
0x6ab735c7c526b33f:0x4033654628ec640,"Adelaide SA, Australia",84,35.8177,0:25:35
0x48670e80ea27ac2f:0xa00c7a9973171a0,"Dublin, Ireland",80,11.2221,0:08:24
0x89acc1041d398e59:0x3593ab3cd48ad23e,"Hillsborough, NC , USA",80,13.0293,0:09:46
0x31cc49c701efeae7:0xf4d98e5b2f1c287d,"Kuala Lumpur, Federal Territory of Kuala Lumpur, Malaysia",78,7.4202,0:05:42
0x8834f16f48068503:0x8df915a15aa21b34,"Pittsburgh, PA, USA",78,16.2201,0:12:28
0x88532bc4ebd8e3bb:0x8c918d39c58a775e,"Burlington, NC, USA",78,0.9878,0:00:45
0x390d047309fff32f:0xfc5606ed1b5d46c3,"Delhi, India",74,6.4021,0:05:11
0x52b33698653e30f3:0xf0c5e9963f833bdd,"Crystal, MN, USA",73,4.7232,0:03:52
0x60007d812aed89d9:0xc7126106c2f670f4,"Kobe, Hyogo, Japan",73,12.188,0:10:01
0x88fe7a42dca82477:0x35faf7e0aee1ec6b,"Charleston, SC, USA",73,8.2443,0:06:46
0x465f763119640bcb:0xa80d27d3679d7766,"Stockholm, Sweden",72,8.0796,0:06:43
0x888911df5885bfd3:0x25507409eaba54ce,"Birmingham, AL, USA",70,20.7968,0:17:49
0x8713412ea1e6d22b:0x418eeb92f5e86b13,"Colorado Springs, CO, USA",69,16.8058,0:14:36
0x89b7b69d7ba7a70f:0xf8cf6fc845f6b093,"Arlington, VA, USA",69,17.1143,0:14:52
0x88598ca93c0f6f09:0x94ef31c106343a5d,"Asheville, NC, USA",65,20.5103,0:18:55
0x32f96d9f519e327f:0xb53a24589f79c573,"Davao City, Davao del Sur, Philippines",64,0.6091,0:00:34
0x471ecc669a869f01:0x72f0be2a88ead3fc,"Warsaw, Poland",64,6.2779,0:05:53
0x879e84a3d8d6f4f5:0x1e7bf03d30a3c374,"Lexington, NE , USA",64,4.1197,0:03:51
0x89b17134d28eb427:0x35c6e8ca6f51d8d4,"Woodlake, VA, USA",64,6.6598,0:06:14
0x357b60c42c3d5031:0x76279798d55e3bb5,"Anyang-si, Gyeonggi-do, South Korea",63,6.2472,0:05:56
0x47c63fb5949a7755:0x6600fd4cb7c0af8d,"Amsterdam, Netherlands",63,14.4431,0:13:45
0x12aebb6fec7552ff:0x406f69c2f411030,"Toulouse, France",62,1.9122,0:01:51
0x89adbc402a62d2df:0xaa1e90ecc1cfd5d1,"Henderson, NC, USA",62,6.6538,0:06:26
0x8589a180655c3345:0x4a72c7815b867b25,"Guatemala City, Guatemala",61,19.4924,0:19:10
0x87e131b12d758d49:0x88e6fd2b8f81199f,"Burlington, IA, USA",61,3.9452,0:03:52
0x8830ef2ee3686b2d:0xed04cb55f7621842,"Cleveland, OH, USA",61,12.345,0:12:08
0x88424429cc9ceb25:0x84f08341908c4fdd,"Lexington, KY, USA",61,15.2775,0:15:01
0x476d079e5136ca9f:0xfdc2e58a51a25b46,"Vienna, Austria",59,13.2283,0:13:27
0x1e95619cbec65033:0xf66262b07a847b4c,"Pretoria, South Africa",58,12.4291,0:12:51
0x54ae4c694e97f129:0xae19866371324a52,"Nampa, ID, USA",58,9.7665,0:10:06
0x88f8a5697931d1e3:0xf32808f4b379fa96,"Columbia, SC, USA",58,14.8902,0:15:24
0x89a9f5a20debaed5:0x5e66493884093032,"Wilmington, NC, USA",58,12.6119,0:13:02
0x357b12ffd15df621:0x3d143d45e2bee5a7,"Hwaseong-si, Gyeonggi-do, South Korea",57,7.743,0:08:09
0x882c986c27de778f:0x2b6aee56d8df0e21,"Hamilton, ON, Canada",57,15.9945,0:16:50
0x89acd66442e5e741:0x3442f5de4276f024,"Mebane, NC, USA",57,4.7434,0:04:59
0x8c43f6c2fa4cf93d:0x7dc1e66a95867069,"Bridgetown, Saint Michael Barbados",57,19.4417,0:20:27
0x3397ba0942ef7375:0x4a9a32d9fe083d40,"Quezon City, Metro Manila, Philippines",56,3.5367,0:03:47
0x40a4538baaf3d7a1:0x5727941c71a58b7c,"Varna, Bulgaria",56,2.1007,0:02:15
0x864fba64a9d9fa3d:0xe84ca31d6b7fb95,"Whitney, TX , USA",55,1.503,0:01:38
0x87d8b4a9faed8ef9:0xbe39eaca22bbe05b,"St. Louis, MO, USA",54,17.0681,0:18:57
0x1023e1c113185419:0x3224b5422caf411d,"Lomé, Togo",53,11.1853,0:12:39
0x60188d2059b7fd4b:0xec61c68fe232efd2,"Shinjuku City, Tokyo, Japan",53,7.8793,0:08:55
0x86d665410b2ced2b:0x73c32d384d16c715,"Tucson, AZ, USA",53,15.0614,0:17:03
0x357cb5f363b117ff:0xeae1727d1666f9d3,"Namyangju-si, Gyeonggi-do, South Korea",51,6.3221,0:07:26
0x7c00183b8cc3464d:0x4b28f55ff3a7976c,"Honolulu, HI, USA",51,7.3048,0:08:35
0x8788fdc9d55114ed:0xe13e12427ce25b2c,"Brookings, SD , USA",51,0.2723,0:00:19
0x2e68e6398252477f:0x146a1f93d3e815b2,"Bandung, Bandung City, West Java, Indonesia",50,2.6314,0:03:09
0x6003709e107b2365:0x2a9622d4e8ceb352,"Nagoya, Aichi, Japan",50,8.0574,0:09:40
0x60185f7b01bd5057:0x88c9f317cacfd3cb,"Kawasaki, Kanagawa, Japan",50,7.1424,0:08:34
0x95bcca3b4ef90cbd:0xa0b3812e88e88e87,"Buenos Aires, Argentina",50,10.695,0:12:50
0x3397e300b16f4f79:0x529b7a8f797cdc12,"Santa Cruz, Laguna, Philippines",49,0.4972,0:00:36
0x47bd096f477096c5:0x422435029b0c600,"Frankfurt am Main, Germany",49,3.7772,0:04:37
0x88807b6ff0a7a1d9:0x76e49b3232dbaf1d,"Oxford, MS , USA",49,6.2744,0:07:40
0x88e5cd8ebdecbcc3:0xed769b687632c93f,"St Johns, FL , USA",49,0.2483,0:00:18
0x89d4d5efa0324ca9:0xf73d52812cb23d63,"Markham, ON, Canada",48,7.7849,0:09:43
0x1069cea39f2c48e3:0x53562bdd7d8832db,"Port Harcourt, Rivers, Nigeria",47,5.7702,0:07:21
0x395e848aba5bd449:0x4fcedd11614f6516,"Ahmedabad, Gujarat, India",47,10.2675,0:13:06
0x46b54afc73d4b0c9:0x3d44d6cc5757cf4c,"Moscow, Russia",47,10.4965,0:13:23
0x5490006404f52f5b:0x72449f271b24790,"Everett, WA, USA",47,3.7264,0:04:45
0x8620a454b2118265:0xdb065be85e22d3b4,"New Orleans, LA, USA",47,10.263,0:13:06
0x884d0c4d6aa966fd:0x249dbecbdbb0989b,"Roanoke, VA, USA",47,12.3584,0:15:46
0x89b3862dea50a48f:0x9086f096c38b74fc,"Charlottesville, VA, USA",47,20.4149,0:26:03
0x357023430316d863:0xc7bc17e091c3429a,"Jeonju-si, Jeonbuk State, South Korea",46,3.5176,0:04:35
0x882b6fa34a2371d5:0x60f4dd8775707432,"Milton, ON, Canada",46,0.5524,0:00:43
0x89b16d31ea6d762b:0xb4ab067c0c7fa1c0,"Bon Air, VA, USA",46,6.7045,0:08:44
0x357014808d39424d:0xeb103859b8528a3c,"Iksan-si, Jeonbuk State, South Korea",45,4.2493,0:05:39
0x880502d7578b47e7:0x445f1922b5417b84,"Milwaukee, WI, USA",45,9.5938,0:12:47
0x88185460bb502815:0xa593aacb1bd3a8d0,"Grand Rapids, MI, USA",45,9.9792,0:13:18
0x15c3d01fb1137e59:0xe059579737b118db,Jeddah Saudi Arabia,44,4.0075,0:05:27
0x317529292e8d3dd1:0xf15f5aad773c112b,"Ho Chi Minh City, Vietnam",44,5.6169,0:07:39
0x87d2a134a11f569b:0x3405f5100df35b17,"Little Rock, AR, USA",44,4.6637,0:06:21
0x892f7c99b981dbc9:0x2aef01d3485e50d2,"Nassau, The Bahamas",44,11.9042,0:16:13
0x89ac6089b5460321:0x47e82079f2e7d931,"Garner, NC, USA",44,18.0838,0:24:39
0x89b0890a4495aa1b:0xc14b30175e160eaa,"Williamsburg, VA, USA",44,0.5435,0:00:44
0x89b111095799c9ed:0xbfd83e6de2423cc5,"Richmond, VA, USA",44,6.6099,0:09:00
0x89ac5e7ec3b55aff:0x141ffd11bcfef2f6,"Clayton, NC, USA",43,0.3503,0:00:29
0x47c679d7469d3ad9:0x7943afb934ce19a8,"Woerden, Netherlands",42,0.7433,0:01:03
0x487a4d4c5226f5db:0xd9be143804fe6baa,"Manchester, UK",42,0.1357,0:00:11
0x6018c1205c87e7af:0x8c74f2c0bfa2f65e,"Saitama, Japan",42,2.6576,0:03:47
0x8806536d3a2019ff:0x4e0cfcb5ba484198,"Madison, WI, USA",41,9.3399,0:13:40
0x88d9a6172bfeddb9:0x37be1741259463eb,"Miami Beach, FL, USA",41,9.3191,0:13:38
0x60188bbbb41922f3:0x33ebfd75f2f06cac,"Minato City, Tokyo, Japan",40,9.5424,0:14:18
0x882ef20ea88d9b0b:0x28c7d7699a056b95,"London, ON, Canada",40,9.0841,0:13:37
0x54aef172e947b49d:0x9a5b989b36679d9b,"Boise, ID, USA",39,9.3982,0:14:27
0x60188cb2eb3108d1:0xf11cd9b2395b6677,"Shibuya, Tokyo, Japan",39,7.7502,0:11:55
0x87eeb03af55cef01:0x30a2c05fcacf62e4,"Indianola, IA , USA",38,1.6334,0:02:34
0x89aec2aa39994541:0x32247cd12233502,"Greenville, NC, USA",38,12.8992,0:20:22
0x486b23280fb96b55:0xf3e3f00bb4ab2328,"Falmouth, UK",37,2.636,0:04:16
0x87d57e1eea439745:0xd193f315601ab6fe,"Memphis, TN, USA",37,13.3744,0:21:41
0x88530bc771b841eb:0xf2ee8a2d049910df,"High Point, NC, USA",37,20.4303,0:33:07
0x3e45c534ffdce87f:0x44d9319f78cfd4b1,"Doha, Qatar",36,2.7695,0:04:36
0x548677a8219c8373:0xdd0a72738752b169,"Burnaby, BC, Canada",36,8.5153,0:14:11
0x8752fdd6d90730f9:0x8cb1b07e001b9c18,"Layton, UT, USA",36,2.358,0:03:55
0x87c0e9c7c57df63f:0x752e5b254151696a,"Leawood, KS, USA",36,1.783,0:02:58
0x33bd1b1d4c1cd013:0xe4592a820e411177,"Batangas, Philippines",35,0.0591,0:00:06
0x48760b88237c5027:0xa9a7de1ab1d56e58,"Richmond, UK",35,4.2406,0:07:16
0x87ad1ee259210d45:0x612cfac6f2724e52,"Lawton, OK, USA",35,11.169,0:19:08
0x8852b1f817cdafaf:0xf87ba6ff1b786508,"Danville, VA, USA",35,0.9478,0:01:37
0x89acd965f7016e75:0x1308afb599e6c145,"Carrboro, NC, USA",35,3.7317,0:06:23
0x104e745f4cd62fd9:0x53bd17b4a20ea12b,"Abuja, Federal Capital Territory, Nigeria",34,2.4019,0:04:14
0x3fcf7621ccb0f409:0xd67b8473125207f7,"Salmiya, Kuwait",34,2.2383,0:03:56
0x880e456bec363d7d:0x9f9e66f7a36bc042,"Joliet, IL, USA",34,3.3386,0:05:53
0x8840f78d1e41915b:0x5f22d22d28ce2789,"Kings Mills, OH, USA",34,0.4984,0:00:52
0x88578f6662fa1105:0xd8aa9d77bf257696,"Greenville, SC, USA",34,3.8338,0:06:45
0x885c162246ce42a9:0x7bea92dac4f534c5,"Knoxville, TN, USA",34,9.7829,0:17:15
0x88eb493ac45e4081:0xb8aab37c073543e8,"Eastpoint, FL , USA",33,0.3579,0:00:39
0x47d9e01812d9bda7:0x923c5d2f53bc1746,"Drayton, Norwich, UK",32,0.0923,0:00:10
0x66d8b0f3ed573a93:0xf579e6a8dc0bd605,"Garapan, Saipan , CNMI",32,0.1836,0:00:20
0x808fbf46b7e8caf7:0x8ada313b89d888d4,"Fremont, CA, USA",32,7.1425,0:13:23
0x87bdb7ef44c3632d:0xa9185d487312c7ef,"Manhattan, KS, USA",32,0.1024,0:00:11
0x8808b9cdfd0300db:0xacad897828f6780,"Rockford, IL, USA",32,0.4746,0:00:53
0x89b07b82704d56d9:0xec7e55ec03c8cb1b,"Newport News, VA, USA",32,3.8517,0:07:13
0x3749265bf16390db:0x19499aae263c5424,"Imphal, Manipur, India",31,1.1362,0:02:11
0x479e75f9a38c5fd9:0x10cb84a7db1987d,"Munich, Germany",31,4.7549,0:09:12
0x549e185c30bbe7e5:0xddfcc9d60b84d9b1,"Spokane, WA, USA",31,10.0341,0:19:25
0x86fe12add37ddd39:0x1af0042922e84287,"Lubbock, TX, USA",31,3.9963,0:07:44
0xa690cacacf2c33:0x5b35795e3ad23997,"Belo Horizonte, State of Minas Gerais, Brazil",31,8.4691,0:16:23
0x357b67b691680c27:0xb477a255b914adf3,"Gunpo-si, Gyeonggi-do, South Korea",30,5.7038,0:11:24
0x88215fa0abc3ca63:0x11799c8845c122e4,"Bangor Township, MI, USA",30,4.1255,0:08:15
0x89e1b88bacf8933d:0xb1496054fb67928b,,30,2.0478,0:04:05
0x3541eda1e9848429:0xf60a729936398783,"Fukuoka, Japan",29,4.5799,0:09:28
0x52b4a049d2e67ff9:0x887f60720d3c75dd,"Buffalo, MN , USA",29,2.0711,0:04:17
0x882bf48c03ee5105:0x9525f8e6df5f544b,"Kitchener, ON, Canada",29,1.7006,0:03:31
0x47900b9749bea219:0xe66e8df1e71fdc03,"Zürich, Switzerland",28,7.5822,0:16:14
0x60229ac1c8eec4df:0x689c0bdcac1d91e6,"Chiba, Japan",28,4.0651,0:08:42
0x86473147c603385b:0xf1a4808e67c3df5d,"The Woodlands, TX, USA",28,3.6712,0:07:52
0x878d4eb52ab40125:0xda2b77f4f97071c0,"Storm Lake, IA , USA",28,0.8583,0:01:50
0x87f954df6732b395:0x7fa98815193722b0,"La Crosse, WI, USA",28,0.4569,0:00:58
0x88079777e411ad6d:0x39a5ce3e16cd82a,"Mt Horeb, WI , USA",28,0.2114,0:00:27
0x880fcffd34e80a77:0x6f21a10d05c0671a,"Evanston, IL, USA",28,0.503,0:01:04
0x47e6656373e396b5:0xdc39759cf532b397,"Neuilly-sur-Seine, France",27,0.3356,0:00:44
0x487a570ae8a9558f:0x6b289a7271c4b7,"Middlewich CW, UK",27,3.135,0:06:58
0x54867599f4ef4d3d:0x6a5024adba02fab5,"Richmond, BC, Canada",27,4.2964,0:09:32
0xd604f4cf0efb06f:0xb4a351011f7f1d39,"Valencia, Spain",27,2.8665,0:06:22
0x390cfd5b347eb62d:0x52c2b7494e204dce,"New Delhi, Delhi, India",26,1.9954,0:04:36
0x3bbfb3e651007787:0x17665ce1d538c84a,"Madgaon, Goa, India",26,0.5912,0:01:21
0x4887b800a5982623:0x64f2147b7ce71727,"Edinburgh, UK",26,0.4297,0:00:59
0x85cfc0bd5ebc7a3b:0x48a6461de494ad95,"Puebla, Mexico",26,4.4182,0:10:11
0x87c097a5101f4f41:0xc18238569d7e7db0,"Olathe, KS, USA",26,1.0465,0:02:24
0x88e62b541cba3ce5:0xf5f53be4b1380536,"Ocala, FL, USA",26,12.4099,0:28:38
0x89d6b3059614b353:0x5a001ffc4125e61e,"Rochester, NY, USA",26,3.5894,0:08:16
0x357c864e9a028e25:0xb622cb4eaa95e148,"Gimpo-si, Gyeonggi-do, South Korea",25,2.506,0:06:00
0x39f29937c52d4f05:0x831a0e05f607b270,"Patna, Bihar, India",25,1.303,0:03:07
0x3baf70381d572ef9:0x2b89ece8c0f8396d,"Mysuru, Karnataka, India",25,1.5601,0:03:44
0x40d4cf4ee15a4505:0x764931d2170146fe,"Kyiv, Ukraine,",25,2.4456,0:05:52
0x4870942d1b417173:0xca81fef0aeee7998,"Birmingham, UK",25,0.2901,0:00:41
0x80ea6bc8b994cb0d:0x59360c0998fe74c8,"Bakersfield, CA, USA",25,4.0784,0:09:47
0x88542991104d6f4f:0xbd0aa4b107fa84db,"Marvin, NC , USA",25,0.6857,0:01:38
0x889a4e1df14cf8a9:0x4ce80e5477899e1a,"Mobile, AL, USA",25,8.3701,0:20:05
0x88c337e69db2c22b:0xe335341d1d5715d9,"Sarasota, FL, USA",25,4.2085,0:10:06
0x88f5b2868178509b:0xa4d156209ed23fb6,"Stonecrest, GA, USA",25,6.8504,0:16:26
0x89b16b6867fd3ec5:0x9576091521fb487f,"Tuckahoe, VA, USA",25,1.2929,0:03:06
0x12aebe4a86703b29:0x481e64a2ed6bc047,"Castanet-Tolosan, France",24,0.9197,0:02:17
0x151d4ca6193b7c1f:0xc1fb72a2c0963f90,"Tel Aviv-Yafo, Israel",24,0.7418,0:01:51
0x357cb18aa7fcb2e1:0x1a58f11a87c10338,"Hanam-si, Gyeonggi-do, South Korea",24,4.1891,0:10:28
0x6001a8d6cd3cc3f1:0xc0961d366bbb1d3d,"Kyoto, Japan",24,3.3187,0:08:17
0x8428b18cb52fd39b:0xd63d9302bf865750,"Guadalajara, Jalisco, Mexico",24,9.0724,0:22:40
0x86282b7f90741b21:0x713cde441f038a0,"Jackson, MS, USA",24,5.8478,0:14:37
0x8854b3fb88585303:0x71613f7de984c40,"Pinehurst, NC, USA",24,1.6523,0:04:07
0x357b17e2750b4685:0x2633d4ac7a57eb49,"Pyeongtaek-si, Gyeonggi-do, South Korea",23,1.1971,0:03:07
0x357b65333703bf0d:0xaa905ccdbfab5c7b,"Siheung-si, Gyeonggi-do, South Korea",23,2.9075,0:07:35
0x390d19d582e38859:0x2cf5fe8e5c64b1e,"Gurugram, Haryana, India",23,3.7704,0:09:50
0x883b872dfc1e4e79:0x7c3cc89f453ac345,"Toledo, OH, USA",23,1.3449,0:03:30
0x88ec8a5187124b53:0xebee077ad4fdb1f8,"Tallahassee, FL, USA",23,7.3997,0:19:18
0x89ba973a5322ca45:0xab99107fce7a1e0a,"Norfolk, VA, USA",23,5.5718,0:14:32
0x89c3eec1198696c7:0x3dea3e3a67fd1f36,"Hillsborough Township, NJ, USA",23,1.9783,0:05:09
0x3135ab9bd9861ca1:0xe7887f7b72ca17a9,"Hanoi, Vietnam",22,2.2372,0:06:06
0x357cc70e2e6f8c4d:0xe147f896f2f59cac,"Uijeongbu-si, Gyeonggi-do, South Korea",22,2.549,0:06:57
0x3e5e440f723ef2b9:0xc7cc2e9341971108,Abu Dhabi - United Arab Emirates,22,1.7256,0:04:42
0x40b1f93abf3cad4f:0xac0632e37c9ca628,"Bucharest, Romania",22,0.902,0:02:27
0x47c5b7605f54c47d:0x5229bbac955e4b85,"Rotterdam, Netherlands",22,3.5757,0:09:45
0x5485dc034d3fa75b:0xd28b4898abd598e0,"Surrey, BC, Canada",22,6.906,0:18:50
0x808ff31209500587:0x185b7b97f3832fd5,"Danville, CA, USA",22,2.1768,0:05:56
0x80dbe8a05684e87f:0x6413d7d9e2449758,"Ramona, CA , USA",22,1.4205,0:03:52
0x88027dc1f2b358e5:0x65ae23df3b6fbca0,"Oconto Falls, WI , USA",22,0.4553,0:01:14
0x886060408a83e785:0x2471261f898728aa,"Chattanooga, TN, USA",22,3.1092,0:08:28
0x88626b67cda2898d:0x9a2c7e89c804566b,"Huntsville, AL, USA",22,4.3042,0:11:44
0x88d925f7783b870b:0x47af8b58f3e6685e,"Greenacres, FL, USA",22,0.0355,0:00:05
0x88fb75fc78f20659:0x4e0c6751036020bc,"Savannah, GA, USA",22,3.9857,0:10:52
0x89acb97f2695f989:0x7d512c2db0470c33,"Pittsboro, NC, USA",22,4.5324,0:12:21
0x3ae253d10f7a7003:0x320b2e4d32d3838d,"Colombo, Sri Lanka",21,0.6389,0:01:49
0x3e5f5f5fede7964b:0x2a830aa19c1f6d89,Sharjah - United Arab Emirates,21,1.3588,0:03:52
0x486e02d434ec53f5:0x143406db6586670e,"Cardiff, UK",21,0.2975,0:00:51
0x6d322f4863c5ed01:0x500ef8684799945,"Christchurch, New Zealand",21,3.1069,0:08:52
0x80c2d386557a87f7:0x27a87d47c140245a,"Whittier, CA, USA",21,0.0155,0:00:02
0x862697a31fad47cb:0x71aeb22e21061814,"Central, LA, USA",21,1.0914,0:03:07
0x864c1ee979bea767:0x2cdb29c046270495,"Richardson, TX, USA",21,0.952,0:02:43
0x874d9271930bf1bf:0x1d90f12600b556ef,"Provo, UT, USA",21,4.5997,0:13:08
0x89c518c43bf36943:0xe1be4727f18ef431,"Exeter, PA , USA",21,1.1528,0:03:17
0x89d9f39bbf979a0d:0xd50ce2d7ad9545,"Syracuse, NY, USA",21,2.2792,0:06:30
0x89e39130277677cf:0xa604d08b2a8d760,"Acton, MA, USA",21,1.2892,0:03:41
0x35662e8be2b2de81:0x7083fa7333d93101,"Ulsan, South Korea",20,5.9386,0:17:48
0x60188c0c0b13f54d:0xb630953beee48188,"Chiyoda City, Tokyo, Japan",20,2.5569,0:07:40
0x6018ec305947861b:0xb709722ff0442256,"Nerima City, Tokyo, Japan",20,1.8703,0:05:36
0x6018f20c722184a7:0x987e73e23e48a065,"Suginami City, Tokyo, Japan",20,6.4092,0:19:13
0x80843bc936e647d7:0x5ccd656bc54f4849,"Santa Rosa, CA, USA",20,8.4004,0:25:12
0x80857d8b28aaed03:0x71b415d535759367,"Oakland, CA, USA",20,8.693,0:26:04
0x8853f2d725a9946b:0x9636c83ae46913cb,"Salisbury, NC, USA",20,1.7058,0:05:07
0x89ac26f39c8c910d:0x43df22c9c9c44d21,"Wilson, NC, USA",20,1.4952,0:04:29
0x89baa57a802f6d99:0x4c7b1b1790710b79,"Chesapeake, VA, USA",20,6.4011,0:19:12
0x88f455cafe9071d3:0x287d6f4c25ba9cec,"Conyers, GA, USA",19,2.9386,0:09:16
0x89c3e6c172d059f1:0x3fcd49934a13d6c2,"Princeton, NJ, USA",19,4.6844,0:14:47
0x38ae8b0cc379e9c3:0xa5a9323b4aa5cb98,"Tashkent, Uzbekistan",18,0.0244,0:00:04
0x464bcb3e364f0b87:0xb2b5e5bdefdac09b,"Holstebro, Denmark",18,0.2284,0:00:45
0x475a7aa3d7b53fbd:0x1db8645cf2177ee4,"Belgrade, Serbia",18,0.5077,0:01:41
0x47b8c97bf1465907:0x42760fc4a2a73b0,"Düsseldorf, Germany",18,0.0321,0:00:06
0x8812fd472165042d:0xdf75e293a8a11bef,"West Lafayette, IN, USA",18,0.8012,0:02:40
0x89b492c33f077155:0x84e65b9dabd7b5f,"Harrisonburg, VA, USA",18,1.4435,0:04:48
0x89b7cf4e666ae927:0x8433a865b29adf,"Silver Spring, MD, USA",18,0.5688,0:01:53
0x89e39ddadf5258cb:0x853685c8163613cd,"Lexington, MA, USA",18,0.3837,0:01:16
0x935a3d18df9ae275:0x738470e469754a24,"Brasília, Federal District, Brazil",18,1.5958,0:05:19
0x959f80ffc63bf7d3:0x6b321b2e355bec99,"Montevideo, Montevideo Department, Uruguay",18,0.4378,0:01:27
0x470b939c0970798b:0x400af0f66164090,"Prague, Czechia",17,3.804,0:13:25
0x47c5c68b88c9d753:0x74076352baf3fe49,"Leiden, Netherlands",17,0.2886,0:01:01
0x88415ab520b4a3cf:0x71197391775c90ba,"Maysville, KY , USA",17,0.9897,0:03:29
0x89c6248b917214b9:0xb46790d030dbd2d6,"Lancaster, PA, USA",17,5.4408,0:19:12
0x12fd337f5e7ef543:0xd671924e714a0275,"Tunis, Tunisia",16,0.414,0:01:33
0x357b2815bedfaee5:0xfafda725a60ba9d4,"Cheonan-si, Chungcheongnam-do, South Korea",16,1.386,0:05:11
0x3962fcad1b410ddb:0x96ec4da356240f4,"Indore, Madhya Pradesh, India",16,0.0619,0:00:13
0x41235af371a33877:0xeaac04eb1f55c0fa,"Srednii Ikorets, Voronezh Oblast, Russia",16,0.0083,0:00:01
0x487820d7b8e18acd:0xec445ad0df69f289,"Grantham, UK",16,0.0233,0:00:05
0x80990aa1f8deb471:0xf79c6c82bde23828,"Carson City, NV, USA",16,0.1038,0:00:23
0x80dd4ad158b3ded3:0xad4bd36e4e0a661e,"Torrance, CA, USA",16,2.4866,0:09:19
0x87b782143271f239:0xc283eae5a5afc7b2,"Dearing, KS, USA",16,0.3108,0:01:09
0x87ded717f7d3d49b:0xf6f68c203f153425,"St Peters, MO, USA",16,0.9632,0:03:36
0x87f430a6041e8569:0x7133c5f5ac64ed0,"Mankato, MN, USA",16,0.4359,0:01:38
0x884051b1de3821f9:0x69fb7e8be4c09317,"Cincinnati, OH, USA",16,5.144,0:19:17
0x89e305f0c42e4c2b:0xfac1b2373ad7c634,"North Andover, MA , USA",16,0.5582,0:02:05
0x14bbd862a762cacd:0x628cbba1a59ce8fe,"İzmir, Türkiye",15,3.138,0:12:33
0x151f17215880a78f:0x729182bae99836b4,"Beirut, Lebanon",15,3.5606,0:14:14
0x47bdefacf3e6e303:0x422d4d510db4180,"Bingen, Germany",15,0.0652,0:00:15
0x486c52c4d4498da7:0xa976e3256bdfad1e,"Exeter, UK",15,0.0429,0:00:10
0x487178b45a112c2f:0x61fbc6aeb7a277bb,"Corsham, UK",15,0.0606,0:00:14
0x48864144ab639cd3:0x94e43b1e384be52a,"Dundee, UK",15,0.1516,0:00:36
0x873b8f00ad0c7ec7:0xc823b1b63b534e1a,"Farmington, NM, USA",15,0.0924,0:00:22
0x89c234806561de39:0x7e825bd6b7667d84,"Hazlet, NJ, USA",15,1.7213,0:06:53
0x89d3126152dfe5a1:0x982304a5181f8171,"Buffalo, NY, USA",15,0.5874,0:02:20
0x14d347d520732db1:0xbdc57b0c0842b8d,"Ankara, Türkiye",14,1.4473,0:06:12
0x355405712ffba04f:0x10c3802660695766,"Okayama, Japan",14,2.5619,0:10:58
0x3561e5e1954f0f5b:0x80b7c6519c3d1d46,"Gangneung-si, Gangwon-do, South Korea",14,2.3028,0:09:52
0x356340a28821e1c3:0x28dd2b3ea2e386b6,"Yangpyeong-gun, Gyeonggi-do, South Korea",14,2.8227,0:12:05
0x3fcf9c8ce8db396d:0x6747a130779f0bc0,"Hawally, Kuwait",14,0.6588,0:02:49
0x4653907c03e75a3b:0x4019078290e7a70,"Lund, Sweden",14,0.0278,0:00:07
0x46eecfb0e5073ded:0x400cfcd68f2fe30,"Riga, Latvia",14,1.017,0:04:21
0x474647e368762353:0x1b55a486d65d5344,"Oradea, Romania",14,1.0573,0:04:31
0x4769f793764a78df:0x400c4290c1e11f0,"Székesfehérvár, Hungary",14,3.776,0:16:10
0x4887d652b0fb7533:0xda531a858ce9ddd4,"Bo'ness, UK",14,0.0975,0:00:25
0x54900cad2000ee23:0x5e0390eac5d804f2,"Redmond, WA, USA",14,1.9071,0:08:10
0x56c8917604b33f41:0x257dba5aa78468e3,"Anchorage, AK, USA",14,3.6302,0:15:33
0x80dca109db19e29b:0xc3fab215a09b3f2c,"Moreno Valley, CA, USA",14,0.1489,0:00:38
0x8428ae61a9704c13:0xafd8a5d47ed002ac,"Zapopan, Jalisco, Mexico",14,2.3089,0:09:53
0x864c21da13c59513:0x62aa036489cd602b,"Plano, TX, USA",14,2.7084,0:11:36
0x8662ef2f31987e45:0x7f336803913db8d4,"Ciudad Apodaca, Nuevo Leon, Mexico",14,0.0162,0:00:04
0x87cf5b8afdbfdc73:0xf7182b2639c0ad62,"Republic, MO, USA",14,1.3782,0:05:54
0x87ee99a4c1611ee7:0x710028512691e4b2,"Des Moines, IA, USA",14,0.837,0:03:35
0x87f637bff0610147:0xa27e54424bdb4bf4,"Lakeville, MN, USA",14,1.6378,0:07:01
0x880fb02191f2a2ff:0x397012eaf00bae2,"Park Ridge, IL, USA",14,0.1771,0:00:45
0x889de403063fa11d:0x76eeb923fdb4b9f3,"Slidell, LA, USA",14,0.1233,0:00:31
0x88f66d19b4b433b9:0x4d747202d69d617c,"Athens, GA, USA",14,4.6508,0:19:55
0x88f7cd76a26fdd51:0xe51ef756e4e0fa30,"Elberton, GA , USA",14,0.3327,0:01:25
0x89aca38c6e5a1cc9:0x33e094f5b0279618,"Sanford, NC, USA",14,0.1169,0:00:30
0x89e406585a2a8b0d:0x9e137dd87fca4d6d,"Worcester, MA, USA",14,0.7688,0:03:17
0x89e7c5fc8ea23e2d:0x869f4127e743dcc0,"Cheshire, CT, USA",14,7.0491,0:30:12
0x94cc4bb3858cc2e7:0xba25a33168f8c1,"São José dos Campos, State of São Paulo, Brazil",14,0.8129,0:03:29
0x33962cfb01290cc9:0x64968b6b014208a3,"Rosario, Cavite, Philippines",13,0.628,0:02:53
0x357ab85367c7f16f:0x88063cf1b992d1f9,"Gongju-si, Chungcheongnam-do, South Korea",13,0.2466,0:01:08
0x474961502fc233f5:0x80a95c4ed01e0b2b,"Câmpia Turzii, Romania",13,0.1707,0:00:47
0x487404c180a05953:0x682dc7216eb9702a,"Basingstoke, UK",13,0.2585,0:01:11
0x4888402a3dccf359:0x33f8d3f906dc4492,"Uddingston, Glasgow G, UK",13,0.2512,0:01:09
0x60186052c1a36643:0x4fc26aac505c0d49,"Ota City, Tokyo, Japan",13,3.4093,0:15:44
0x80c2ce2a461f5e85:0x7e88319934cd9ada,"Montebello, CA, USA",13,1.3843,0:06:23
0x80d9390226587bd3:0x14724bafa4e62456,"Tijuana, Baja California, Mexico",13,1.3679,0:06:18
0x80dcb0b9ea5d606d:0x8998d10fd29252f1,"Corona, CA, USA",13,0.0296,0:00:08
0x858912d7ddd2c1a3:0x85fb098392422a46,"El Tejar, Guatemala",13,1.9206,0:08:51
0x864e62d2e40898d3:0xb5ef6ac1fa05351,"Arlington, TX, USA",13,0.6799,0:03:08
0x876c588622ba2b9b:0x8441e0688ba2e678,"Aurora, CO, USA",13,1.6338,0:07:32
0x8803b682b903f6c9:0x9ca1d6a50675935b,"Appleton, WI, USA",13,0.6134,0:02:49
0x8805ab10af98c9db:0x1d8758d8ee4250b9,"Sussex, WI, USA",13,0.3368,0:01:33
0x880e5a38051ae5d9:0x5c0368f95c706206,"Bolingbrook, IL, USA",13,5.5159,0:25:27
0x8815e4ddff22814b:0x80077b147642f793,"Fort Wayne, IN, USA",13,6.5148,0:30:04
0x882b2a4936291733:0x5201760ad6b142ed,"Richmond Hill, ON, Canada",13,2.6825,0:12:22
0x882b89b820e46c19:0x5037b28c7231d70,"Cambridge, ON, Canada",13,1.1954,0:05:31
0x883477f72a5dca99:0xae5f0d737de686af,"Ellwood City, PA , USA",13,0.3357,0:01:32
0x883834aaedeea7b7:0x7875bf0bc949e6d6,"Mt Vernon, OH , USA",13,0.9481,0:04:22
0x8845e3aa792430b5:0xd3713568ed4051d4,"Huntington, WV, USA",13,0.0434,0:00:12
0x885425172b21fd49:0x746b0871fd403a54,"Indian Trail, NC, USA",13,2.6643,0:12:17
0x89aade7c8dd8c4fd:0x920b8682edef8683,"Lumberton, NC, USA",13,0.7563,0:03:29
0x89ac5ca881783dfb:0xe63a2bb161dc4716,"Knightdale, NC, USA",13,2.49,0:11:29
0x89b64cc4875d59b7:0x40ab0ae70cc61810,"Annandale, VA, USA",13,0.4717,0:02:10
0x89b7cbb76a24022d:0x26b279f76a2bcd0d,"Bethesda, MD, USA",13,4.1174,0:19:00
0x89d6b53b76ef5003:0x5230899f85c925a5,"Brighton, NY, USA",13,0.5075,0:02:20
0x89e38209840725a5:0x5592087b9b70af7e,"Newton, MA, USA",13,3.9181,0:18:05
0x89e4b9efe1b22d71:0xe99070cab6ea2e23,"Plymouth, MA, USA",13,1.3559,0:06:15
0x89e9d4a115b3f791:0x5907b437c6c70a49,"Lindenhurst, NY , USA",13,1.5068,0:06:57
0x94dce35351cdb3dd:0x6d2f6ba5bacbe809,"Curitiba, State of Paraná, Brazil",13,2.1208,0:09:47
0x967e08b3ec6db3a1:0x4ccea64229b9189a,"Las Heras, Mendoza Province, Argentina",13,0.6121,0:02:49
0x14a1bd1f067043f1:0x2736354576668ddd,"Athens, Greece",12,0.6322,0:03:09
0x14caa7040068086b:0xe1ccfe98bc01b0d0,"İstanbul, Türkiye",12,0.414,0:02:04
0x151c4e7cf16c0fff:0xd2385b30c1275dd6,"Nazareth, Israel",12,0.3514,0:01:45
0x1527f4a4c0be6e9f:0x4dbef2b1f81e7d77,"Mersin, Akdeniz/Mersin, Türkiye",12,1.7419,0:08:42
0x1778b6126bdea17b:0xb84df43e61b7b568,"Mbale, Uganda",12,0.5381,0:02:41
0x185c4bae169bd6f1:0x940f6b26a086a1dd,"Dar es Salaam, Tanzania",12,1.4021,0:07:00
0x19dca4258ed8e797:0xf32b36a5411d0bc8,"Kigali, Rwanda",12,2.1962,0:10:58
0x1dcd9d9b09aded4f:0x8c808f8ef4260451,"Rawsonville, , South Africa",12,0.4622,0:02:18
0x3397c7dc88f7b24f:0x4a592b2b4b34fd89,"Pasig, Metro Manila, Philippines",12,1.4653,0:07:19
0x3397d70cc905e489:0xdbb7938dd87f5563,"Biñan, Laguna, Philippines",12,0.7861,0:03:55
0x415a37f37d16e915:0x7174067761ec11d9,"Cheboksary, Chuvashia Republic, Russia",12,0.0062,0:00:01
0x4799db34c1ad8fd3:0x79d5c11c7791cfe4,"Stuttgart, Germany",12,2.082,0:10:24
0x47b91760bff07a11:0x427f28131548750,"Dortmund, Germany",12,0.0062,0:00:01
0x47c6f91bc8f2f849:0x364812bd2509e1dc,"Harderwijk, Netherlands",12,0.6337,0:03:10
0x488389e1d29d34f5:0xfb6cc9e45fa3665e,"Ellon AB, UK",12,0.0509,0:00:15
0x4889a52e1b060be1:0xaa8ba0129d1089e4,"Gourock, UK",12,0.2758,0:01:22
0x5361b4f8ba557c8f:0x5fe5995b05bf5290,"Coeur d'Alene, ID, USA",12,4.3683,0:21:50
0x56c91de4eb932b0b:0xbe26a87be78ddd50,"Palmer, AK , USA",12,2.6677,0:13:20
0x5f8a2aee30cd55d3:0xba2579e0b846b1ee,"Sendai, Miyagi, Japan",12,1.9693,0:09:50
0x6000f7b3a46fcc87:0x242937f060a8facc,"Kawanishi, Hyogo, Japan",12,0.0663,0:00:19
0x864098c8c9343d19:0xaa6a1203b27f5e7c,"Pasadena, TX, USA",12,1.4397,0:07:11
0x864c2c75c10c5065:0xf1a21a5dca2b198d,"Lewisville, TX, USA",12,5.2062,0:26:01
0x876c08e42f1129d9:0x70597e9aed63830,"Frederick, CO, USA",12,0.5003,0:02:30
0x87dcabf3bb8182c9:0xa011692dbabd6f20,"Columbia, MO, USA",12,0.3361,0:01:40
0x87f953310790caeb:0xcb462de832757b56,"Onalaska, WI, USA",12,0.1938,0:00:58
0x88050857d50d6eab:0x1f6df8f4a60d168f,"New Berlin, WI, USA",12,3.2719,0:16:21
0x8830c0c7f187f093:0xb1ca052de3f12a66,"Brunswick, OH, USA",12,0.0252,0:00:07
0x8830d7958b2efab7:0x29c96c95fd266d04,"Akron, OH, USA",12,0.7383,0:03:41
0x8831852cd5ce3d29:0xd742046fb30f58cb,"Madison, OH , USA",12,0.696,0:03:28
0x88386209fd631059:0x9fda0c9127fba847,"Reynoldsburg, OH, USA",12,0.0908,0:00:27
0x885c33471cc810df:0x5bca4633ef1072b7,"Oak Ridge, TN, USA",12,0.6155,0:03:04
0x88928d5403c2a58d:0x2e2fb2bdc3c127af,"Dothan, AL, USA",12,0.4405,0:02:12
0x88c292d42637d947:0xc3ec51644f19d8a,"East Lake, FL, USA",12,0.5343,0:02:40
0x88d9012720facaf5:0x7602be7540bf8ebe,"Fort Lauderdale, FL, USA",12,1.7357,0:08:40
0x88fc79dc8ed319ad:0x2ce5a67aeba2283d,"Hilton Head Island, SC, USA",12,0.6186,0:03:05
0x89adb15840dcb669:0xf14ff45b680a60b7,"Kittrell, NC , USA",12,1.2557,0:06:16
0x89c181a700702f49:0x56132f536de0f9de,"Howell Township, NJ, USA",12,0.9783,0:04:53
0x89c250d225bfafdd:0x249f013a2cd25d9,"Jersey City, NJ, USA",12,0.0472,0:00:14
0x89c2b4967d570989:0xc7d5c708fef8d6ff,"Mahopac, NY , USA",12,0.0545,0:00:16
0x89de0a34cc4ffb4b:0xe1a16312a0e728c4,"Albany, NY, USA",12,4.375,0:21:52
0x89de61b8fd99daa5:0x6a02ce40019868bf,"Amsterdam, NY , USA",12,4.129,0:20:38
0x89e2b8eb6a036a19:0x50281b31f67541f9,"Kittery, ME, USA",12,0.663,0:03:18
0x89e7aa8e2c8962bf:0x386a408fc35353b2,"Bloomfield, CT, USA",12,2.9096,0:14:32
0x993e4359b05c31:0x10de71f20e815167,"Miguel Pereira, State of Rio de Janeiro, -, Brazil",12,0.6556,0:03:16
0xd557663e32636a9:0xbc113af27ee7242d,"Bazas, France",12,0.0177,0:00:05
0x1712804abcf3b5f9:0xd89839286346c433,"Juba, South Sudan",11,0.316,0:01:43
0x1ef7074194ce0dfd:0xac83c782c9687d6a,"Berea, South Africa",11,0.0428,0:00:14
0x3397bf0c8d8310c5:0x34dc8e5a7fbf80a3,"Antipolo,  Rizal, Philippines",11,0.278,0:01:30
0x3397c90264a0ed01:0x2b066ed57830cace,"Makati, Metro Manila, Philippines",11,0.8266,0:04:30
0x33aee56fe538d781:0xe8250cd6bc30a488,"Iloilo City, Iloilo, Philippines",11,0.4017,0:02:11
0x3564842e469b1181:0x8692b179a8068ba4,"Chungju-si, Chungcheongbuk-do, South Korea",11,0.6555,0:03:34
0x35705c05a1562f99:0xf3d4f82119275a94,"Gunsan-si, Jeonbuk State, South Korea",11,0.1094,0:00:35
0x38dfbfd07891722f:0x6059515c3bdb02b6,"Islamabad, Pakistan",11,1.3754,0:07:30
0x396c4adf4c57e281:0xce1c63a0cf22e09,"Jaipur, Rajasthan, India",11,0.0728,0:00:23
0x3a1909d2d5170aa5:0xfc580e2b68b33fa8,"Bhubaneswar, Odisha, India",11,1.0106,0:05:30
0x3be7b9f0b81f13ad:0x3c12f7681185f869,"Navi Mumbai, Maharashtra, India",11,1.3773,0:07:30
0x4724ded5a2a5a9fb:0xee7753e4785ac086,"Sheptytskyi, Lviv Oblast, Ukraine",11,0.264,0:01:26
0x477fd498e951c40b:0xa2e17c015ba49441,"Bologna, Metropolitan City of Bologna, Italy",11,3.9309,0:21:26
0x4875d36e1416fa63:0xf7bae612b9878dac,"Ash GU, UK",11,0.0185,0:00:06
0x488838770efba019:0x6e749bfa96d39,"Clarkston, Glasgow, UK",11,0.0719,0:00:23
0x4ca7c50d1ef9f977:0xf08156072617d267,"Saint John, NB, Canada",11,0.2128,0:01:09
0x52acf75cf2b06a71:0xc32796ae256bda78,"Rice Lake, WI, USA",11,0.0481,0:00:15
0x52b6bc057cc793cd:0xd6efc4206c7bc613,"Brainerd, MN , USA",11,0.571,0:03:06
0x52c8cb8d84677145:0x81aa30a52791aaca,"Fargo, ND, USA",11,0.5891,0:03:12
0x548435c6706ab783:0x50135152a7b0560,"Abbotsford, BC, Canada",11,5.252,0:28:38
0x54901b1d8b6c6fe9:0x72449f271b246a0,"Edmonds, WA, USA",11,0.4871,0:02:39
0x549071edd8f91263:0xcd921b1280bf0b3a,"Sammamish, WA, USA",11,0.9747,0:05:18
0x54c57a231cfb16a5:0xcba25ba08e5112d4,"Grants Pass, OR, USA",11,2.4179,0:13:11
0x54c584c35ac4f903:0x6ba1b5db40990cc7,"Eagle Point, OR , USA",11,0.4125,0:02:14
0x601887b512a92397:0x7bd5a07d7b7a5ed3,"Edogawa City, Tokyo, Japan",11,1.4788,0:08:03
0x601889cc6d740f5f:0xc0abea9c46a33670,"Koto City, Tokyo, Japan",11,0.4712,0:02:34
0x60191b3fdc3418d1:0xfe65b16187c0be03,"Sagamihara, Kanagawa, Japan",11,1.7873,0:09:44
0x8085976736097a2f:0xbe014d20e6e22654,"San Rafael, CA, USA",11,1.2841,0:07:00
0x80945de1549e4e9d:0x7b12406449a3b811,"Fresno, CA, USA",11,6.9893,0:38:07
Showing top 500 results
